Tarte aux fraises et son coulis,
"Tarte aux fraises, pommes et à la crème",
Tiramisu aux fraises,
Tarte aux fraises et son coulis,
"Tarte aux fraises, pommes et à la crème",
Tiramisu aux fraises,
Tarte aux fraises et son coulis,
Tian d'aubergines aux poivrons et chèvre frais,
Flan aux fraises,
Verrine fraîcheur au carré frais,
Sorbet fraise,
Tagliatelles au saumon frais,
Bricks au chèvre frais et à la tapenade,
"""The"" charlotte aux fraises",
Tagliatelles au saumon frais,
Bricks au chèvre frais et à la tapenade,
"""The"" charlotte aux fraises",
